customer_id,company_name
Customer-001,Horizon Logistics Co.
Customer-002,Frontier Enterprises LLC
Customer-003,Unity Technologies Ltd.
Customer-004,Capital Holdings LLC
Customer-005,Golden Supplies Inc.
Customer-006,Vertex Supplies Inc.
Customer-007,Apex Distribution Ltd.
Customer-008,Horizon Trading Ltd.
Customer-009,Emerald Trading Group
Customer-010,Frontier Holdings Inc.
Customer-011,Prime Supplies Group
Customer-012,Sterling Enterprises Group
Customer-013,Skyline Industries Inc.
Customer-014,Prestige Industries Ltd.
Customer-015,Elite Supplies LLC
Customer-016,Frontier Trading Co.
Customer-017,Horizon Solutions Ltd.
Customer-018,Golden Technologies Group
Customer-019,Nova Supplies LLC
Customer-020,Everest Distribution Co.
Customer-021,Vertex Trading Ltd.
Customer-022,Horizon Partners Ltd.
Customer-023,Emerald Trading Ltd.
Customer-024,Vertex Industries LLC
Customer-025,Prestige Holdings LLC
Customer-026,Vertex Logistics Co.
Customer-027,Prestige Solutions Group
Customer-028,Atlas Trading Group
Customer-029,Emerald Industries Ltd.
Customer-030,Horizon Holdings Ltd.
Customer-031,Prestige Supplies Ltd.
Customer-032,Capital Partners Ltd.
Customer-033,Horizon Technologies LLC
Customer-034,Vertex Technologies Co.
Customer-035,Capital Holdings Group
Customer-036,Emerald Industries Group
Customer-037,Atlas Technologies Co.
Customer-038,Nova Holdings Ltd.
Customer-039,Apex Trading Inc.
Customer-040,Skyline Logistics Co.
Customer-041,Apex Enterprises Co.
Customer-042,Pioneer Solutions Group
Customer-043,Horizon Holdings LLC
Customer-044,Prime Distribution Ltd.
Customer-045,Vertex Industries Co.
Customer-046,Horizon Distribution Group
Customer-047,Prime Holdings Group
Customer-048,Prime Trading Ltd.
Customer-049,Nova Partners Co.
Customer-050,Summit Solutions Inc.
Customer-051,Skyline Logistics Inc.
Customer-052,Grand Industries Ltd.
Customer-053,Golden Industries Inc.
Customer-054,Prime Distribution Group
Customer-055,Skyline Solutions Group
Customer-056,Atlas Distribution Group
Customer-057,Elite Industries Co.
Customer-058,Horizon Solutions Inc.
Customer-059,Delta Holdings Co.
Customer-060,Atlas Distribution Co.
Customer-061,Atlas Supplies Co.
Customer-062,Pioneer Technologies Group
Customer-063,Prestige Distribution Inc.
Customer-064,Emerald Distribution Co.
Customer-065,Emerald Solutions Group
Customer-066,Unity Logistics Group
Customer-067,Everest Supplies Group
Customer-068,Golden Industries Co.
Customer-069,Delta Trading LLC
Customer-070,Golden Trading Co.
Customer-071,Golden Distribution Inc.
Customer-072,Pioneer Partners Ltd.
Customer-073,Vertex Partners Inc.
Customer-074,Delta Technologies LLC
Customer-075,Frontier Enterprises Co.
Customer-076,Unity Technologies Co.
Customer-077,Nova Solutions Inc.
Customer-078,Unity Partners Co.
Customer-079,Apex Logistics Co.
Customer-080,Capital Solutions Co.
Customer-081,Horizon Partners LLC
Customer-082,Frontier Enterprises Inc.
Customer-083,Prime Logistics LLC
Customer-084,Sterling Partners LLC
Customer-085,Delta Trading Ltd.
Customer-086,Horizon Industries Ltd.
Customer-087,Capital Enterprises Group
Customer-088,Pioneer Partners Inc.
Customer-089,Frontier Distribution Inc.
Customer-090,Golden Holdings Group
Customer-091,Elite Partners Group
Customer-092,Delta Solutions Ltd.
Customer-093,Skyline Holdings Group
Customer-094,Frontier Logistics Inc.
Customer-095,Golden Supplies Group
Customer-096,Capital Logistics Inc.
Customer-097,Emerald Technologies Inc.
Customer-098,Prestige Enterprises LLC
Customer-099,Pioneer Technologies Inc.
Customer-100,Sterling Technologies Inc.
